file_name,file_url
1740579474705.jpg,https://drive.google.com/file/d/1yy9PNMW_0Nkv-gqRnnM-ABrvJMA5NcD9/view?usp=drivesdk
1740579845586.jpg,https://drive.google.com/file/d/1Dx0IfVIwFXJR6TvJx4GQh2v8SuMq1yhg/view?usp=drivesdk
1740571618196.jpg,https://drive.google.com/file/d/1WBIQkgW8AGIJkDGfmHDTtsWTVGpjf-EU/view?usp=drivesdk
1740579327318.jpg,https://drive.google.com/file/d/1gwbngE4dXOpTkXPEoN1OJ9CYyk6SWVTs/view?usp=drivesdk
1740570441914.jpg,https://drive.google.com/file/d/1u2eXJJtKxrLkwIJg_rH7cXSMPGJvB2ki/view?usp=drivesdk
1740579968078.jpg,https://drive.google.com/file/d/1zmn0EKvdBl6ppQ6I98Pj7uKwSRq0SedT/view?usp=drivesdk
1740568893936.jpg,https://drive.google.com/file/d/15dzrbKWTrv_vJPyWB7GC6-AJjc1neswW/view?usp=drivesdk
1740569589430.jpg,https://drive.google.com/file/d/1MuSXjbU_UlApaoc7DQXy9pO1BNe_WHoc/view?usp=drivesdk
1740572905681.jpg,https://drive.google.com/file/d/1SHtABLbbZty1mACagV4513Q_lQ_xIBxE/view?usp=drivesdk
1740565830313.jpg,https://drive.google.com/file/d/1W4GQvM9jjaTLyweTHrPcqn5_drzTsvur/view?usp=drivesdk
1740136430098.jpg,https://drive.google.com/file/d/1uvF9vyV67Q5ZGRqOPcTCpXTF6_VyF22i/view?usp=drivesdk
1740566023777.jpg,https://drive.google.com/file/d/1CfdPAhcK-rEvNLIzIuCyQFyDccDvz-q7/view?usp=drivesdk
1740136008529.jpg,https://drive.google.com/file/d/1KCGR_WwhqdnjSvlnBWj34wyqgC14DoOF/view?usp=drivesdk
1740135704970.jpg,https://drive.google.com/file/d/1n_VIZBlVMZVMkmlJgeYer97sepYzBHE0/view?usp=drivesdk
1740136204705.jpg,https://drive.google.com/file/d/1tbbRM56Kx8rwUQgd0Q1LaSNmwyI8_StV/view?usp=drivesdk
1740136886094.jpg,https://drive.google.com/file/d/12bIuLuJXquNMHAcV2OgqnC_agSa-5NCS/view?usp=drivesdk
1740137049386.jpg,https://drive.google.com/file/d/1J215gXNar2th1LwVBTmBEG_5rab3B8Kh/view?usp=drivesdk
1740137144906.jpg,https://drive.google.com/file/d/1YePg_6_UB8wBtI467VqUNABr4nb6hxUm/view?usp=drivesdk
1740136988757.jpg,https://drive.google.com/file/d/1fiKwzEa66Dg5F5Hwg_aDgp9mKkXwt4h9/view?usp=drivesdk
1740135428189.jpg,https://drive.google.com/file/d/1tbNQaDY5BCm9tElJLsUPHMMGynRfOKfa/view?usp=drivesdk
1740136728092.jpg,https://drive.google.com/file/d/13qdDgwq5643fo-GkU5P0ZnWjuMkrBolI/view?usp=drivesdk
1740136819691.jpg,https://drive.google.com/file/d/14_BGy-837_Bp-b9pETLSQS7tfER0ogR4/view?usp=drivesdk
1740136674007.jpg,https://drive.google.com/file/d/14jXpsNlEEwUOR7fjvSikiuWTVqOCR0E9/view?usp=drivesdk
1740135319022.jpg,https://drive.google.com/file/d/1L4E4UAeXLcupHrDWfFg1pC7Ymc3f6ZZL/view?usp=drivesdk
1740135472877.jpg,https://drive.google.com/file/d/1ZWM_WhPr9JY8w0OsFI8QmdVfj8leM3hw/view?usp=drivesdk
1740135090910.jpg,https://drive.google.com/file/d/151CAropyUghr0JRDUQwNXiWsg4KkI-qr/view?usp=drivesdk
1740133683154.jpg,https://drive.google.com/file/d/151wIkXfLkLMfhDN0zXoPa9JpWObzKb1p/view?usp=drivesdk
1740135203931.jpg,https://drive.google.com/file/d/1DGOBceE5bEbXvnTByR78pOa9E8-a7H9X/view?usp=drivesdk
1740134153354.jpg,https://drive.google.com/file/d/1VOh95Fg6t9VU0gQNX3olwc8aqQlh6Pt0/view?usp=drivesdk
1740134396927.jpg,https://drive.google.com/file/d/1ZvFNCBlbVcDD5Z_VAhKLyoiv7K31iFMR/view?usp=drivesdk
1740133458569.jpg,https://drive.google.com/file/d/1a-LZFRjCsiJ1B2BAhdjTn7mxSDHWHq_1/view?usp=drivesdk
1740133799039.jpg,https://drive.google.com/file/d/1AsMf_3piUQ44EPxTEjIGoDEhl8C0O2fe/view?usp=drivesdk
1740133547117.jpg,https://drive.google.com/file/d/1EZgRSG2ZvjNljAHoEAePvDQjg1pqVZ74/view?usp=drivesdk
1740133336716.jpg,https://drive.google.com/file/d/1HwThKLsHYT21DrFW5H5Tn1o4SLyluyJ0/view?usp=drivesdk
1740133918012.jpg,https://drive.google.com/file/d/1YIIe1czuh6M5AVxQPqAyNPcoLWn4Xld9/view?usp=drivesdk
1740134251554.jpg,https://drive.google.com/file/d/1_gkI8evGMaSyD7Xb42vBa869nzoJRKnc/view?usp=drivesdk
1740134056241.jpg,https://drive.google.com/file/d/1dCUNtJ_4DeyFSq-unex7E8Lg_3eAge_8/view?usp=drivesdk
1740133120712.jpg,https://drive.google.com/file/d/13P5Ybicb6jFkxvPNa49tFQBshLeWni9f/view?usp=drivesdk
1740132904278.jpg,https://drive.google.com/file/d/16Y9HekqlT6HY5r2RtK1F_BZjtDvj0H8U/view?usp=drivesdk
1740132989735.jpg,https://drive.google.com/file/d/17E2HU6NkZrB5CvzpfjRvDfcLwAyF_9Sw/view?usp=drivesdk
1740132821894.jpg,https://drive.google.com/file/d/1JFkJEIa1wzu5SXpmNwnxStvJkKPotSkH/view?usp=drivesdk
1740133219259.jpg,https://drive.google.com/file/d/1K9bQ_QjA5jjvlCGQNdky_OW8niCvNXrt/view?usp=drivesdk
1740132720725.jpg,https://drive.google.com/file/d/1RPW2ErOAmho4HJT1Tg-d1f0B75rUnTI-/view?usp=drivesdk
1740131909208.jpg,https://drive.google.com/file/d/17QsJmsPuxPnT4W7Y2MJ2KRRhuKVeii9f/view?usp=drivesdk
1740132331543.jpg,https://drive.google.com/file/d/18N0RxVhjSQuRvio26BIbFmlEdaqPYp9M/view?usp=drivesdk
1740132470649.jpg,https://drive.google.com/file/d/1CGzSJ8jHhupBkptkmEbaqucvNbZKBz2j/view?usp=drivesdk
1740132616255.jpg,https://drive.google.com/file/d/1IgQ874aF_1j2QOkWfKQeg1lcnLiOzzDL/view?usp=drivesdk
1740131800260.jpg,https://drive.google.com/file/d/1Gt7hFLqm823I5YblZJe2FAECWjK_YK94/view?usp=drivesdk
1740130712014.jpg,https://drive.google.com/file/d/1HUw2n3JE3cdU5xFSfTDt_4My3FFOLda5/view?usp=drivesdk
1740132069134.jpg,https://drive.google.com/file/d/1ijkvqbgHFEXidu8uEjxuet9OK38ZWPkQ/view?usp=drivesdk
1740131619060.jpg,https://drive.google.com/file/d/1zzqU2vmeT8xv9BH6hvaAva_DH5z2czPx/view?usp=drivesdk
1740130801895.jpg,https://drive.google.com/file/d/1AFGgJaEY4dB0u9QV-GvBOZdRcSI3aX4n/view?usp=drivesdk
1740131037866.jpg,https://drive.google.com/file/d/1LLtfEOJZlTJ82Y-G1nsryqJGfoRnUH2X/view?usp=drivesdk
1740131680080.jpg,https://drive.google.com/file/d/1MdYh9VDs1gH9IHsBwIRKL4InqmMfjUq9/view?usp=drivesdk
1740131457258.jpg,https://drive.google.com/file/d/1XJf0BCos4yjhwNE4-0_gBQtBx_5S3UpM/view?usp=drivesdk
1740130889654.jpg,https://drive.google.com/file/d/1ZGIayPiNyPf4VdElR9-alAFy3tZAj96Y/view?usp=drivesdk
1740129823073.jpg,https://drive.google.com/file/d/11StkUhaWHfKVAqVA54euqTBO6ueyIIiL/view?usp=drivesdk
1740130490856.jpg,https://drive.google.com/file/d/1GrtV73fjS5Rx0zt-b05EwWz3BIyc_a-F/view?usp=drivesdk
1740130095871.jpg,https://drive.google.com/file/d/1U2RZQRDJUqphS3w0VdzNHD0wM7GpGEQ0/view?usp=drivesdk
1740130322939.jpg,https://drive.google.com/file/d/1ZbzmD4xVy3AXSbHnyMHdmgSuiAPYZzh6/view?usp=drivesdk
1740129965606.jpg,https://drive.google.com/file/d/1lhwiU8N_dhtWDdUMytGOjxUNyt2-xAk6/view?usp=drivesdk
1740129335973.jpg,https://drive.google.com/file/d/14RictKT2fFutTWDIPUWvju4cVhFlzCPM/view?usp=drivesdk
1740129254476.jpg,https://drive.google.com/file/d/1J-UbUNYCOxqwLmbYf4Vq5oUqxzuPaLRG/view?usp=drivesdk
1740129595659.jpg,https://drive.google.com/file/d/1S9Zqaa-sg14iXr9w4FROzMdT-SMXwZvC/view?usp=drivesdk
1740129453417.jpg,https://drive.google.com/file/d/1TRB3TJqlnsudhYCQ4Cr65EZrP_F7JTmv/view?usp=drivesdk
1740129104059.jpg,https://drive.google.com/file/d/1VluwujFeI-_iG8WtUGuwNk6gapUSPLvV/view?usp=drivesdk
1740129718828.jpg,https://drive.google.com/file/d/1kJjfQZTRCX5gN6f41CeuVk3sX4kgNciL/view?usp=drivesdk
1740128992715.jpg,https://drive.google.com/file/d/1t0wfX8ibCXRPeqFZanVV812EuRt17B6J/view?usp=drivesdk
1740128831328.jpg,https://drive.google.com/file/d/14ssw6WBurWR24qSbtpQiBMs8vgKVZIh-/view?usp=drivesdk
1740128658133.jpg,https://drive.google.com/file/d/1CmA8mlxhBg3FKANNbpyzSdZLTGYu3O_q/view?usp=drivesdk
1740128376577.jpg,https://drive.google.com/file/d/1HBtKRVN7xAugpiEKKGayVlPYUAWk1en6/view?usp=drivesdk
1740128511511.jpg,https://drive.google.com/file/d/1kARI-sl5llqhU6TH3UyzlCv9Mt7Dn12e/view?usp=drivesdk
1740128227231.jpg,https://drive.google.com/file/d/1kT6JdOAovJ1AOBn6ZMWWGxonJ1YChSIf/view?usp=drivesdk
1740127601136.jpg,https://drive.google.com/file/d/13eO2lboFV7NIFjlt4voCyteh2To5UEwM/view?usp=drivesdk
1740127978967.jpg,https://drive.google.com/file/d/18q_AviTxp-bZUm3tjfH-ivSFVyYcqf7J/view?usp=drivesdk
1740128138063.jpg,https://drive.google.com/file/d/1BQToWZKpqyyjS6bpAlTjyaMlLoCl-IW-/view?usp=drivesdk
1740127924842.jpg,https://drive.google.com/file/d/1ClXKQ8nAI8cv9aujZ06MeECvGVVMlKPz/view?usp=drivesdk
1740127846805.jpg,https://drive.google.com/file/d/1FhCiWroeHGoRI1wX5r-TC7rwuH5-2AfW/view?usp=drivesdk
1740128037828.jpg,https://drive.google.com/file/d/1m2SnX_sropMRVHNC2PeZBnP3Hzl4s1WF/view?usp=drivesdk
1740127359020.jpg,https://drive.google.com/file/d/1ETos62FVGsSWJATDYn0XiWTYTX7yntVh/view?usp=drivesdk
1740126952192.jpg,https://drive.google.com/file/d/1YBNj4LvN-vSvq0cH2K4YGft2vkHKL2zD/view?usp=drivesdk
1740127769653.jpg,https://drive.google.com/file/d/1iHU-9lSGe8UAI2qWHlOp6QAsnDOtXYGB/view?usp=drivesdk
1740126185582.jpg,https://drive.google.com/file/d/1u7byXz8ydsbm28Py0bkOAWT8a9V1JzVq/view?usp=drivesdk
1740126650915.jpg,https://drive.google.com/file/d/1vOLaHaPaoFGdenwApFC7zuucrJvpPvxA/view?usp=drivesdk
1740125789459.jpg,https://drive.google.com/file/d/1IREkJ8HeLNb8tE_J_HJIEN1uT8KZ3eLk/view?usp=drivesdk
1740125551418.jpg,https://drive.google.com/file/d/1XaUrqWY0dP-VzqBKMWX94leLZlD1XBvV/view?usp=drivesdk
1740125696144.jpg,https://drive.google.com/file/d/1aWn5qQCWULzWasKh3Kvo9Ht4uP1dOkH7/view?usp=drivesdk
1740125271251.jpg,https://drive.google.com/file/d/1eaGQHYiy2P6aY3MoJ-Xzxp9QHVwFY6GR/view?usp=drivesdk
1740124758177.jpg,https://drive.google.com/file/d/1-otuAT6ydu3DAsL-cGU3E_4g6d88F3yL/view?usp=drivesdk
1740124993745.jpg,https://drive.google.com/file/d/1MM3ELkM9zRkj6n8vCnxEszD2LGx-ox04/view?usp=drivesdk
1740125426847.jpg,https://drive.google.com/file/d/1eTH51DhTANpicSealVvr1SDplRl5CJx_/view?usp=drivesdk
1740125110668.jpg,https://drive.google.com/file/d/1kcyNmpTnJcGj1dRs8QOywvtQ0CH4o1tZ/view?usp=drivesdk
1740123668488.jpg,https://drive.google.com/file/d/1woyu3hWaXUCMW05XS2PNeCdvWOKufsnr/view?usp=drivesdk
1740124349163.jpg,https://drive.google.com/file/d/1KC-1y0DAI83PUOfjpbVc6LGogIdobzCk/view?usp=drivesdk
1740123542448.jpg,https://drive.google.com/file/d/1_Dqfc-ETibevThNrDH9A3x3U8Z94P96O/view?usp=drivesdk
1740124476772.jpg,https://drive.google.com/file/d/1dy11LZu6UIMx8d3xZ7KY0pJjfaIWxtFH/view?usp=drivesdk
1740124209959.jpg,https://drive.google.com/file/d/1rzY9K8X0o40yFG6MSvkQM7ux2rdhBCsV/view?usp=drivesdk
1740124610700.jpg,https://drive.google.com/file/d/1tCcsZKCEByoGEuJfFC7lcx2XTiqObuYO/view?usp=drivesdk
1740123438888.jpg,https://drive.google.com/file/d/1bdySkeZ-cLAS9iFH02HbUSVh-MPQCwBW/view?usp=drivesdk
1740123339806.jpg,https://drive.google.com/file/d/1owVPx5mrTFw8IoT7NgKL0xDhpDTm9hYR/view?usp=drivesdk
1740123266149.jpg,https://drive.google.com/file/d/15VzTHpILULHkGdkIYx5ZLBsJzlKMZmJ1/view?usp=drivesdk
1740123919257.jpg,https://drive.google.com/file/d/1_p5AA3mrP0VhMgCxzNLULyNA6plkPc25/view?usp=drivesdk
1740123786298.jpg,https://drive.google.com/file/d/1oYg4r5PJgU2m3poA38XLgbu04ZSnJAAN/view?usp=drivesdk
1740123128845.jpg,https://drive.google.com/file/d/13ibu9rYd9RIrcWX_h2VDM9ahkRUzOHHi/view?usp=drivesdk
1740122616879.jpg,https://drive.google.com/file/d/1PacJm_2DWhHATY6pygOiUaba-cYFVOUy/view?usp=drivesdk
1740122773145.jpg,https://drive.google.com/file/d/1uJUwOjQJyTAz4xGV2FeM-7XzktRSwuy6/view?usp=drivesdk
1740123044172.jpg,https://drive.google.com/file/d/1xfUUL4lHePVpycqZDVq8F-vjHpr6hfXx/view?usp=drivesdk
1740122224767.jpg,https://drive.google.com/file/d/124GY38HPQIstn0-GefAXeVgTuLF9mIob/view?usp=drivesdk
1740122386970.jpg,https://drive.google.com/file/d/1EoP5NFq3x0tTciZBpaRvcORaRiGkKazO/view?usp=drivesdk
1740122508274.jpg,https://drive.google.com/file/d/1masQMFq4eksblZTQX5PWCRUA0SxisRTd/view?usp=drivesdk
1740122890111.jpg,https://drive.google.com/file/d/1oimtRv9dk-jja0CrGhWBaG2_OnpIhy79/view?usp=drivesdk
1740121896919.jpg,https://drive.google.com/file/d/14c2rs9gnG0F2SZcadN9ZpSLgT0Qm9EV5/view?usp=drivesdk
1740121481939.jpg,https://drive.google.com/file/d/1HYqZfB1VxIc6IJ1Pn9j-IbggUNHfy3qu/view?usp=drivesdk
1740122035227.jpg,https://drive.google.com/file/d/1KpaydOwj9081Xcas78a5p519e7IlNrXE/view?usp=drivesdk
1740120172765.jpg,https://drive.google.com/file/d/1RyYZqzGszRLPQvb0lB-roDIeI2KwKBwt/view?usp=drivesdk
1740121759817.jpg,https://drive.google.com/file/d/1hGqcml2IvRqiOmJY2ueckjmyvQzDWUna/view?usp=drivesdk
1740120690938.jpg,https://drive.google.com/file/d/16Wz8OFbVbqWekrzCmxnSblpLdxNdmiWq/view?usp=drivesdk
1740120842350.jpg,https://drive.google.com/file/d/1b63EGZ7HPy8hrjiVRV9IoS9zcfNUBfqi/view?usp=drivesdk
1740121060635.jpg,https://drive.google.com/file/d/1fIUALm2IKitQ13knJZavUi8_hHE5KIYo/view?usp=drivesdk
1740121609551.jpg,https://drive.google.com/file/d/1o5KxS8MRtOIxwV6Q9DMKv8r2n1dqDtbX/view?usp=drivesdk
1740120491937.jpg,https://drive.google.com/file/d/1zDbYL8DPxM8h7MtNDIxaaWmAoI8h3wvF/view?usp=drivesdk
1740134636841.jpg,https://drive.google.com/file/d/1YsZcPmR6-q0pS-n1YpKd3KIVV6EAc37c/view?usp=drivesdk
1740134163974.jpg,https://drive.google.com/file/d/1csJbSAyvLHmSHu_yE4CU19rBFpGCXVDl/view?usp=drivesdk
1740135161148.jpg,https://drive.google.com/file/d/1lwCRyDnijHTnqqRfYzx8dA7iZ0UjUKa9/view?usp=drivesdk
1740134860242.jpg,https://drive.google.com/file/d/1m75rEchX4cW7Mzh1BoVbTaZxEZ5CZNQb/view?usp=drivesdk
1740134309149.jpg,https://drive.google.com/file/d/1veOJ2K9QCiJXzCylGjOPd1D9y2mVwL8J/view?usp=drivesdk
1740133634046.jpg,https://drive.google.com/file/d/14Vgik1Rwux_2s5gvoGDZc_iDARD0jWN7/view?usp=drivesdk
1740133828606.jpg,https://drive.google.com/file/d/1dSusmf4-TDq3YtVV6qUGujk1xvJjh-Z_/view?usp=drivesdk
1740133937437.jpg,https://drive.google.com/file/d/1owK5cqnxmRDvWzzd4d54FzuXHyTOLU8S/view?usp=drivesdk
1740134050876.jpg,https://drive.google.com/file/d/1vBOKMCYkjjUTVN1PtZubXTTgpjXv8ZP3/view?usp=drivesdk
1740133535476.jpg,https://drive.google.com/file/d/1xOBRvlNUOdEwyaIJBqPEeBiDvy3H6iau/view?usp=drivesdk
1740134466383.jpg,https://drive.google.com/file/d/1zAjPn0ENx_-2GHQEIsZwGhJ8mqyuPcF0/view?usp=drivesdk
1740133439880.jpg,https://drive.google.com/file/d/180gIl7DGoL18L3bsoiIfaqIIgrlogekF/view?usp=drivesdk
1740132699905.jpg,https://drive.google.com/file/d/1PxknoTJPKXweS114hmRjYVHnzPulZeag/view?usp=drivesdk
1740133143256.jpg,https://drive.google.com/file/d/1_X0oPbOuM_amL6odnDfEfSrcA9MaIO00/view?usp=drivesdk
1740133007327.jpg,https://drive.google.com/file/d/1avZ6Z0-RBUmWNoGvhw1UyP7EV45_VfPt/view?usp=drivesdk
1740125360374.jpg,https://drive.google.com/file/d/1mYLx-P_4Tem4F3_y2PwIZh5jzqClJOUT/view?usp=drivesdk
1740131668201.jpg,https://drive.google.com/file/d/1KETNkjI8HXjLTeesnLwhxKdQs1q1MI4J/view?usp=drivesdk
1740132840068.jpg,https://drive.google.com/file/d/1QBxE1tEfrTQLP3tsY1gOpGmhbbyeC8l2/view?usp=drivesdk
1740132549141.jpg,https://drive.google.com/file/d/1VT_BqE_u_WGRvXhV-DuSSypNGPFK-RKD/view?usp=drivesdk
1740129399150.jpg,https://drive.google.com/file/d/1hi7bF2lc4LBIywj9NDNUT6lV81BhkyUs/view?usp=drivesdk
1740132051796.jpg,https://drive.google.com/file/d/145RfoUYSuPBPIDXTdwg3duKCpb6s0vh9/view?usp=drivesdk
1740132338669.jpg,https://drive.google.com/file/d/18iG2RryMglhgBLvls1Gqqij6ZrdfTN1f/view?usp=drivesdk
1740122549082.jpg,https://drive.google.com/file/d/1PBca42htFx5axY4Vciy-d1sGbm6RcKrj/view?usp=drivesdk
1740131367768.jpg,https://drive.google.com/file/d/1sHkwvK0-xa5NR_axf3RV59imlpKiysZ0/view?usp=drivesdk
1740131056576.jpg,https://drive.google.com/file/d/16qP6mBKjhAtwzvURBj0l6hR80kU8DNcb/view?usp=drivesdk
1740131847186.jpg,https://drive.google.com/file/d/1Q83BndyeUgp5D0zJXoFEGtYSq875VTZJ/view?usp=drivesdk
1740130469009.jpg,https://drive.google.com/file/d/1ZdRyI1EHNBKwlpe_pa1jYv922rzCkjzX/view?usp=drivesdk
1740130721029.jpg,https://drive.google.com/file/d/1aOnJ9nDENhPQDZDRe0JETrOYrhn8wnyd/view?usp=drivesdk
1740131156366.jpg,https://drive.google.com/file/d/1t9WMMbL9CRMuv1fn0_Xnrhvz8-d5nij8/view?usp=drivesdk
1740130252668.jpg,https://drive.google.com/file/d/170DNTURSA6opEeSmCPixSlRZ_pnEhTWb/view?usp=drivesdk
1740129955784.jpg,https://drive.google.com/file/d/1ZNaEl7g7dN-uP72wRrQwJPFtqxLDipr4/view?usp=drivesdk
1740129823315.jpg,https://drive.google.com/file/d/1ahy37EPMvTpmEPfW01BEykPhTHrlX4uk/view?usp=drivesdk
1740130948061.jpg,https://drive.google.com/file/d/1stSJyJi5LTl8VUv1EGKsOcdj4bnh1LXv/view?usp=drivesdk
1740128089177.jpg,https://drive.google.com/file/d/10tWx-pW9oKL5SORrhCcX1mcyyj_m3F49/view?usp=drivesdk
1740128969369.jpg,https://drive.google.com/file/d/16Dbah158ucTK9dw7OTQP8DirA7W3oPst/view?usp=drivesdk
1740129230891.jpg,https://drive.google.com/file/d/16hzmgvKHyLreMNeUqijCsDo97rvYcMPD/view?usp=drivesdk
1740130092100.jpg,https://drive.google.com/file/d/1gumyjLZihjIDn9bnoLJ6GdecYR3EAZEX/view?usp=drivesdk
1740128825406.jpg,https://drive.google.com/file/d/1p0ZmmfoCyEARTBsgP3iHbtLwutPxZGOu/view?usp=drivesdk
1740127383526.jpg,https://drive.google.com/file/d/1Hatqg3usR3Yfs1Dcv9TUxxCR0JACI8My/view?usp=drivesdk
1740127183185.jpg,https://drive.google.com/file/d/1Z-m7OuRvgusyOELJkzF-OzmAW2Sy7r4g/view?usp=drivesdk
1740126956915.jpg,https://drive.google.com/file/d/1ZtMK9tg8LbAZTq-L33xmjEtum_yv9v0x/view?usp=drivesdk
1740126229463.jpg,https://drive.google.com/file/d/1mR7EM4uzGWyRDUu3b-8weR2qhiS4gGvv/view?usp=drivesdk
1740128624865.jpg,https://drive.google.com/file/d/1pbfVsZ5ZO1tdww7nK3t2ZuBhPh36L1Hr/view?usp=drivesdk
1740127647687.jpg,https://drive.google.com/file/d/1zsIhC9VI159uwFz_ke9zHk3Hoee-ySqQ/view?usp=drivesdk
1740125533480.jpg,https://drive.google.com/file/d/14CB_IlRMbagYns2qFLfeuuu13_U1t_OX/view?usp=drivesdk
1740124937955.jpg,https://drive.google.com/file/d/1ROus9uUjHfCES7wEPGFjsG7sZ5jk0WCA/view?usp=drivesdk
1740126472229.jpg,https://drive.google.com/file/d/1cWhfSVcSAUvoaOULGz_rGiVGb4-7Ew1g/view?usp=drivesdk
1740124549179.jpg,https://drive.google.com/file/d/1n7EeGSWl-poZjcrqGEL6hyR0JrszyQb7/view?usp=drivesdk
1740125902623.jpg,https://drive.google.com/file/d/1r3p8jFysA3rNjqpFV2e53B4AB15CNXyk/view?usp=drivesdk
1740126811764.jpg,https://drive.google.com/file/d/1xqZcGkoGcqU7GpFTNo3cjK2phkyRSmqG/view?usp=drivesdk
1740123457564.jpg,https://drive.google.com/file/d/155LFUz2XcDQxcblPBIYO7fvGVaUWEyc4/view?usp=drivesdk
1740123824538.jpg,https://drive.google.com/file/d/19BZZUcC7jSkZyqniqeoKsGzBz58q1kaO/view?usp=drivesdk
1740124229488.jpg,https://drive.google.com/file/d/1EFXvcX8Bud_AHdHT7ulmRt5cnPvXLVOp/view?usp=drivesdk
1740124417225.jpg,https://drive.google.com/file/d/1GXdtOuA-A9kPqm-S_V_1EVXUTPtYOeZ5/view?usp=drivesdk
1740120909838.jpg,https://drive.google.com/file/d/1UwGBnS4DmR5VEEBz-fHfBQKxvuEosk0i/view?usp=drivesdk
1740124019945.jpg,https://drive.google.com/file/d/1ukdTwiijHcx0xOqmd0L9pzwebWrmzEVg/view?usp=drivesdk
1740123646373.jpg,https://drive.google.com/file/d/16xqtRl4PULex3lz_nzDG9_ObYgUcpbQr/view?usp=drivesdk
1740123201010.jpg,https://drive.google.com/file/d/1X5BKuI6bCgudeZ3c-Oxx4_l-ACV6iNEc/view?usp=drivesdk
1740122100730.jpg,https://drive.google.com/file/d/1auS_CmGG7VBFAoWuaC94o36D581M14zy/view?usp=drivesdk
1740122850878.jpg,https://drive.google.com/file/d/1lqxJ77vbZICVBkoObzU5sBx0Ip3KBi9e/view?usp=drivesdk
1740122307859.jpg,https://drive.google.com/file/d/1yTIcWl5ZRxjgptB6dp29UfKV1SFEpIdF/view?usp=drivesdk
1740121339419.jpg,https://drive.google.com/file/d/17rPWL1mXLDva4roQS_U1LMj9ibms0DbH/view?usp=drivesdk
1740121151022.jpg,https://drive.google.com/file/d/1DUSJCO9wnBuAK-T-srDvq7bJyzSF_N_n/view?usp=drivesdk
1740067560172.jpg,https://drive.google.com/file/d/1J-ueQdAOENvRZqh6tHjiaGHxBYT7Dbb8/view?usp=drivesdk
1740121612870.jpg,https://drive.google.com/file/d/1_JnTlZ6kFiWth-5Vp8tmnb46cdpbPcvi/view?usp=drivesdk
1740064910248.jpg,https://drive.google.com/file/d/1khLbIyg1y9PWoRIIyQDvA6PtjSRIG1Q-/view?usp=drivesdk
1740067744560.jpg,https://drive.google.com/file/d/1udM4gil7r21eK-FUSer3Q88UcVvSwY72/view?usp=drivesdk
1740049141351.jpg,https://drive.google.com/file/d/10qc-C5umfTLc1czDaM0kggUWTCd7WDVl/view?usp=drivesdk
1740049578553.jpg,https://drive.google.com/file/d/1Ii4x7nJL61sINKZMRWsfwurq6IIHilnd/view?usp=drivesdk
1740050346201.jpg,https://drive.google.com/file/d/1M4NodLGpYTuL32r33YY5nkqUXX2OQLzI/view?usp=drivesdk
1740064695934.jpg,https://drive.google.com/file/d/1XxrCCYEQcn8DabWSUZlc14so7_-e5B7Q/view?usp=drivesdk
1740064438396.jpg,https://drive.google.com/file/d/1uuGIFxaZI6Rj24TTtfx7oWWx9GIw2ypU/view?usp=drivesdk
1740048031030.jpg,https://drive.google.com/file/d/1HgR4zXPCO7q6LcPF1wCmImC065lil52T/view?usp=drivesdk
1740049011726.jpg,https://drive.google.com/file/d/1NmDBtbH801I99rAHs6u_7uX56yeLCZ3T/view?usp=drivesdk
1740047654283.jpg,https://drive.google.com/file/d/1SEqqMLfS5SB70kb0BknMt_xfs_dQPlnP/view?usp=drivesdk
1740050076386.jpg,https://drive.google.com/file/d/1nDF3AhaZeuM3y3klTpoqc7aeC6cWjBX2/view?usp=drivesdk
1740048294972.jpg,https://drive.google.com/file/d/1xK0H1b17S_PB8VyNPWAO4ZZv-wzDogs6/view?usp=drivesdk
1740046210178.jpg,https://drive.google.com/file/d/10-E2SelZjilmW-xPUIYtuibiZVDb6Glb/view?usp=drivesdk
1740046520511.jpg,https://drive.google.com/file/d/1bxC6CfTZZa3fZhMcrg-vlD8FoZmT1Z6H/view?usp=drivesdk
1740045631914.jpg,https://drive.google.com/file/d/1Ycu22g0eC6jtD63olWNKRl8AwzHsTNHX/view?usp=drivesdk
1740047322213.jpg,https://drive.google.com/file/d/1dCedVMutB2Wy6lXv8n5qplkKu5slRrIA/view?usp=drivesdk
1740046895318.jpg,https://drive.google.com/file/d/1uclShYmKARBHDvDpK7-ijhiz7v_0yi--/view?usp=drivesdk
1740043109798.jpg,https://drive.google.com/file/d/1K1jqBok7WeltFKBAnhLStdCAsZkkGlm-/view?usp=drivesdk
1740042646089.jpg,https://drive.google.com/file/d/1L45cpZ64_WHcUbNAHpnkNCK01FoQXBHU/view?usp=drivesdk
1740043453610.jpg,https://drive.google.com/file/d/1dcYrjf17Jp32bSBeWOllB4pmjBbcqPEi/view?usp=drivesdk
1740044714042.jpg,https://drive.google.com/file/d/1i4tm5oQ_UXQiRwwEflhu1NkKgHKShRFb/view?usp=drivesdk
1740042958801.jpg,https://drive.google.com/file/d/1l3E-Ow6Hrj0tRyJqG7Bo3tIvSkhoiDFj/view?usp=drivesdk
1740044200585.jpg,https://drive.google.com/file/d/1shPwyNMzSGRLd6mnly7Kbl0PT9Fg6TBr/view?usp=drivesdk
1740041025421.jpg,https://drive.google.com/file/d/1-cJiRuDzFSVsc0l_uRMu6CFTkadHNuzd/view?usp=drivesdk
1740040805433.jpg,https://drive.google.com/file/d/1ioEcncR68fieRJkRlTazaFWujH5_t2ep/view?usp=drivesdk
1740041695000.jpg,https://drive.google.com/file/d/1ju0ZkNdzOCvwZjaB1EvEnj6cU7LheHMV/view?usp=drivesdk
1740041312292.jpg,https://drive.google.com/file/d/1kVFboIa0GK0whs6Nj1iAnxkCGZtUs66X/view?usp=drivesdk
1740040296183.jpg,https://drive.google.com/file/d/1l00AxjULgJD7RgiucFPojhtYiYZsK6BD/view?usp=drivesdk
1740042989944.jpg,https://drive.google.com/file/d/14J3FnwqcWOmlEcA9Vh28-hxL7m9lvnr7/view?usp=drivesdk
1740048533108.jpg,https://drive.google.com/file/d/17qnQh-9r3DHCn-n9Xf2tEGdSWr59RI7c/view?usp=drivesdk
1740039961684.jpg,https://drive.google.com/file/d/1H4Juk5CzbasFXGAG65KvXy5e3q_2UpCG/view?usp=drivesdk
1740043072992.jpg,https://drive.google.com/file/d/1cdU1cC9gRIGvhq36c1lLnyIE84H1WpSY/view?usp=drivesdk
1740042516135.jpg,https://drive.google.com/file/d/1i0yt0OpmaEbsoU6EbJEP2I9R5Aao_XDb/view?usp=drivesdk
1740042845228.jpg,https://drive.google.com/file/d/1y2uLEBylv542RPWu5GHbqSOi5784AgjC/view?usp=drivesdk
1740042116150.jpg,https://drive.google.com/file/d/16WFDvF3OFm42HrjTLjS3xY0fjQSwkg3n/view?usp=drivesdk
1740042748288.jpg,https://drive.google.com/file/d/1M2rT2yFoNWLPH1acZtUobjs-lyZML4iM/view?usp=drivesdk
1740041941661.jpg,https://drive.google.com/file/d/1_hyZO4Z7ER_TL9tmaZemL9qbpnkYcl2o/view?usp=drivesdk
1740041756990.jpg,https://drive.google.com/file/d/1ecYHqDROt9L3DxVtZqsmOZsCmsC9EvZ9/view?usp=drivesdk
1740041515058.jpg,https://drive.google.com/file/d/1pagl7v2X221Vm0mw73MYUBc1Z-GrPLLF/view?usp=drivesdk
1740041677386.jpg,https://drive.google.com/file/d/1IxCwAv_8roxo42PWMHjBtm21yHquHhXf/view?usp=drivesdk
1740041121500.jpg,https://drive.google.com/file/d/1LImP5PAB-mFNUc5_m36-AOS0-eou3OMW/view?usp=drivesdk
1740041405896.jpg,https://drive.google.com/file/d/1cjd4ybI35qLeyLp-Bb72_ZEi9-sOHJr0/view?usp=drivesdk
1740037789054.jpg,https://drive.google.com/file/d/1npykdJdO0Z0prL4DbwFU0Yc-W7JkHQkE/view?usp=drivesdk
1740039139959.jpg,https://drive.google.com/file/d/12TsOlSnepxlwsHDRHQgnHrLlSGom3t1C/view?usp=drivesdk
1740038694432.jpg,https://drive.google.com/file/d/16uL4VY6Gs0kc1uM1GhkzHVPSj0j0eaZG/view?usp=drivesdk
1740039037270.jpg,https://drive.google.com/file/d/1MF-zRUM5Ozp3Wuvuwde_iAE8HSRHzu0G/view?usp=drivesdk
1740041042879.jpg,https://drive.google.com/file/d/1ftseNtokfowyfw9SssxH0r5ffd-rE5o7/view?usp=drivesdk
1740039616071.jpg,https://drive.google.com/file/d/1nrIkTF79WvfhJMEx01ObnkIQHhm21G69/view?usp=drivesdk
1740038432646.jpg,https://drive.google.com/file/d/1AXlMFnpfiax-Bp_MYTxQqF0K_tIZLkcB/view?usp=drivesdk
1740038566577.jpg,https://drive.google.com/file/d/1M8qpe0QK7n1FALPf4-EM5GDnHZKQmZxy/view?usp=drivesdk
1740038218074.jpg,https://drive.google.com/file/d/1XM4xabOvZfyGeTfWSyPGBaZ9WfdP_mFL/view?usp=drivesdk
1740036352845.jpg,https://drive.google.com/file/d/1XzmGiKXwgOcYAs8X9grvyDVglsrpu3mh/view?usp=drivesdk
1739977068592.jpg,https://drive.google.com/file/d/1zxidN80qt8td97yzZbBIlIjWj2RK85xv/view?usp=drivesdk
1739975943923.jpg,https://drive.google.com/file/d/10TArSq9hvQ3rXYmf7Ym8O-06J2GmgJAV/view?usp=drivesdk
1739976786971.jpg,https://drive.google.com/file/d/18IvCwn1SKeiANqNCpqxjVK6H3Hn0tW7t/view?usp=drivesdk
1739976311027.jpg,https://drive.google.com/file/d/1C6161GB6rR7CmrIHD2mnQoEPmNl8jyvA/view?usp=drivesdk
1739975787543.jpg,https://drive.google.com/file/d/1KwTUtQhR7R8bRPQ9Xgr6VrkR-D7ibhru/view?usp=drivesdk
1739976501715.jpg,https://drive.google.com/file/d/1akM_VBvLflf_TgHHSGY5XWS3He-m4dBl/view?usp=drivesdk
1740035624904.jpg,https://drive.google.com/file/d/1q9xs4cudwscj5Op5V81Bzn65608NJV6H/view?usp=drivesdk
1739973908100.jpg,https://drive.google.com/file/d/13meZdPd-ET3oQryESBPc3Uooz6RaQ7-S/view?usp=drivesdk
1739974895332.jpg,https://drive.google.com/file/d/18-MMaTb3AyIgNDEiwq_4AHZUut0upF9K/view?usp=drivesdk
1739974602676.jpg,https://drive.google.com/file/d/1TncvAI0_zRKm3JM5HA1U13pT78KhntSs/view?usp=drivesdk
1739975592383.jpg,https://drive.google.com/file/d/1ckdNKWPziXSTX8_cYEvt41_b4TqLDeaS/view?usp=drivesdk
1739973210430.jpg,https://drive.google.com/file/d/1vQqkLOnYfkoCqA7qS5lAvcZSetXtHORF/view?usp=drivesdk
1739972870531.jpg,https://drive.google.com/file/d/11vVwhIusSiV6NzPPf0PckY3LZA5St-cK/view?usp=drivesdk
1739964971252.jpg,https://drive.google.com/file/d/18a7iRiheqgy84EdulZIc5YpiAMxpL4vZ/view?usp=drivesdk
1739974023089.jpg,https://drive.google.com/file/d/1FN--5XuWV_jjTb4E5WbXjQQ--rRT3_H9/view?usp=drivesdk
1739972504366.jpg,https://drive.google.com/file/d/1MiDVFeBfepLYsfHvQPzSqEsokMYkOPlw/view?usp=drivesdk
1739958390895.jpg,https://drive.google.com/file/d/1d8dOBZkDk5TJyJeczmvQhfPz2wPcRITI/view?usp=drivesdk
1739964129353.jpg,https://drive.google.com/file/d/1dx0Vf5eometoqbdbdvllFCUSbSXKEAny/view?usp=drivesdk
1739963635656.jpg,https://drive.google.com/file/d/15IiVAMhbbHAwxsOu0QlUfr4e9-vRwBc0/view?usp=drivesdk
1739962301115.jpg,https://drive.google.com/file/d/1D2nd62Mmmw-MbAfSxMoRNc9U_572itAl/view?usp=drivesdk
1739963853876.jpg,https://drive.google.com/file/d/1l18xTeqscdNLMUujYo5IsguVxBeVODOc/view?usp=drivesdk
1739963001300.jpg,https://drive.google.com/file/d/1xNUV7TSXxieMVAmc8IqzCjQBQthD4FGq/view?usp=drivesdk
1739961495694.jpg,https://drive.google.com/file/d/15_gkboL007hXvUMOsy2GCPWrDwJBfBOj/view?usp=drivesdk
1739962594380.jpg,https://drive.google.com/file/d/17VwT0seCGIN6OJ8xKaUg8DNCa5llxE0T/view?usp=drivesdk
1739961656763.jpg,https://drive.google.com/file/d/1KtAjWiPDc_rPMw_FuNyVj6bxDU1ayfPf/view?usp=drivesdk
1739962015994.jpg,https://drive.google.com/file/d/1fY5p3WYsLBs83lPiyyw4Ol7gfyW2ZzTC/view?usp=drivesdk
1739961007023.jpg,https://drive.google.com/file/d/1mWB2KSC0i5qhPC_sgh-dsry6tQ4HO7b9/view?usp=drivesdk
1739961354722.jpg,https://drive.google.com/file/d/1oftWJceKu53ci2sXX_XQQ-RkOosBwv0N/view?usp=drivesdk
1739960350843.jpg,https://drive.google.com/file/d/1A9eo7ORJW-rr5Nctj9dFpG14nuYHrhXG/view?usp=drivesdk
1739960676416.jpg,https://drive.google.com/file/d/1GylpUTJZIv7qi_L2dF2QxRMeygeZppan/view?usp=drivesdk
1739960825170.jpg,https://drive.google.com/file/d/1Wfp80thy4Wp_FfUGwS3nNpnznY_PjMaQ/view?usp=drivesdk
1739961128661.jpg,https://drive.google.com/file/d/1my_bJYYxvh9BVA1NhkZUQn3nXolOHyRW/view?usp=drivesdk
1739959219943.jpg,https://drive.google.com/file/d/1to5kgWQSEM1psSb0r7LoAApGt6MD1Rfn/view?usp=drivesdk
1739958650891.jpg,https://drive.google.com/file/d/1DUQF9xFFc7YFsFoM2VcJANIhxDuL7X1H/view?usp=drivesdk
1739959001541.jpg,https://drive.google.com/file/d/1QCXZz09eSApXs8Kq9u9GXV9Qdq0iRgZC/view?usp=drivesdk
1739958918673.jpg,https://drive.google.com/file/d/1sc64OriGFtl4EqsZGX2tSLRe9CZoXRS9/view?usp=drivesdk
1739956742405.jpg,https://drive.google.com/file/d/1zploYo8GybTXXO2juj9uopg0O02c2QSb/view?usp=drivesdk
1739962943561.jpg,https://drive.google.com/file/d/1Hq39Urrk98lzUzlHJhL192vDsT-BZYIl/view?usp=drivesdk
1739963299218.jpg,https://drive.google.com/file/d/1ODeMAMUYfziWIXtp_EZM3X1lk5nUZIPe/view?usp=drivesdk
1739957138623.jpg,https://drive.google.com/file/d/1OUYfvN7JRVJBJbXeVT6LOMrQoDJnmVr_/view?usp=drivesdk
1739963981306.jpg,https://drive.google.com/file/d/1_z7izx1HbyaWt_oB1TbSKeQrd6CO_LYN/view?usp=drivesdk
1739957403429.jpg,https://drive.google.com/file/d/1suGYr6I3TSOsIHXiuu2lwCyzZ3pNriPu/view?usp=drivesdk
1739962264800.jpg,https://drive.google.com/file/d/1-D_jorrAl8YU07VRdqzGHgbZP-zvcT5R/view?usp=drivesdk
1739960567777.jpg,https://drive.google.com/file/d/10c0UCvvnbHEkMk3XsE_Bluvyr1Qf25l-/view?usp=drivesdk
1739962660822.jpg,https://drive.google.com/file/d/1FdPfsIkgDIVHy49PnX43raj-qUK-MEtz/view?usp=drivesdk
1739961681388.jpg,https://drive.google.com/file/d/1ZWvXsMkN1mQIyB1AY_ROrqurX9jV3AuO/view?usp=drivesdk
1739962364997.jpg,https://drive.google.com/file/d/1enX8Fc6Lw7PxEMLvLhB-yHp2-lonCCEl/view?usp=drivesdk
1739963577229.jpg,https://drive.google.com/file/d/1xJVsUPrrYwnAF5SVH0heUYMnb0M6cX-n/view?usp=drivesdk
1739959205123.jpg,https://drive.google.com/file/d/1F1lRysufZAxVYc4BDv74ixUzmfQspt5K/view?usp=drivesdk
1739960905890.jpg,https://drive.google.com/file/d/1jobRROoHuVMDVKMEugO4etL592lIBIlH/view?usp=drivesdk
1739961102502.jpg,https://drive.google.com/file/d/1rWbvSulrOwMkT6vQHxL9304FTHt1Q99Y/view?usp=drivesdk
1739959496955.jpg,https://drive.google.com/file/d/1wzZ3Un1WduF0q0mZfNXDntVIQeK4jvEt/view?usp=drivesdk
1739962085754.jpg,https://drive.google.com/file/d/1zkjmoyran7llGWl1nQ68iUoVwpMBqOkf/view?usp=drivesdk
1739954965916.jpg,https://drive.google.com/file/d/18TXVTnV7QJwDC2Q4bd_2ZVNoY-oxUhh0/view?usp=drivesdk
1739955692602.jpg,https://drive.google.com/file/d/1PHNngL0OTxy6aXDPFbUvKnX2Ycs01o-0/view?usp=drivesdk
1739956602872.jpg,https://drive.google.com/file/d/1fsZJ0PktNBkEqx_oteBy_5jSQtB8wFMy/view?usp=drivesdk
1739956410964.jpg,https://drive.google.com/file/d/1jbzVvMzBPEaQDs3tWD-3cqq1mpCT2qu3/view?usp=drivesdk
1739959709585.jpg,https://drive.google.com/file/d/1q6MwXwL_HCfuJeFGHiLW6JlYVWdFQ2TZ/view?usp=drivesdk
1739958873827.jpg,https://drive.google.com/file/d/1w00EGalv8IJ2dK5CPF6hYgiBOGlT3use/view?usp=drivesdk
1739953899186.jpg,https://drive.google.com/file/d/1Jwz6dE2PmZhAMEZIDzsm1CFCpRz5RBAC/view?usp=drivesdk
1739954032319.jpg,https://drive.google.com/file/d/1LRbKp_VDSVXBo0aoXtdw8xoq5GAOxSpl/view?usp=drivesdk
1739891621444.jpg,https://drive.google.com/file/d/1xVpUcEiQjpzfwA9JeSZJNAZOgsJ__YyG/view?usp=drivesdk
1739956134250.jpg,https://drive.google.com/file/d/1Bcrp8E3Tj04WLXfVDCTVcrC544XB_Efg/view?usp=drivesdk
1739951976100.jpg,https://drive.google.com/file/d/1QfwcnuvK5KfIFfbS1x5uVa5WVUtOMaLJ/view?usp=drivesdk
1739954391870.jpg,https://drive.google.com/file/d/1RSrHBq7Twkaa76tnLmDtKuGfnjF4VFG-/view?usp=drivesdk
1739874793834.jpg,https://drive.google.com/file/d/11Qz_Ht6gvzG1rwrIyjJm5BemWU9hHLwp/view?usp=drivesdk
1739874654238.jpg,https://drive.google.com/file/d/1FQAqs7-UiC_gLxz7c0FJHiGDTQh5qHOM/view?usp=drivesdk
1739874432065.jpg,https://drive.google.com/file/d/1i8FEOkgfw4qoY_nO1ej4Yk9hTkvhQO0y/view?usp=drivesdk
1739874534296.jpg,https://drive.google.com/file/d/1zTgyGgPus_ISpUjGBxR6HT0YDHZEpKaL/view?usp=drivesdk
1739874379104.jpg,https://drive.google.com/file/d/1KadoafKHtWXzPDfoB4mDkFp59gaaGfQ1/view?usp=drivesdk
1739874069593.jpg,https://drive.google.com/file/d/1hVh8Ol10DkXvo0aNc2p5PqYLsSC5jfuR/view?usp=drivesdk
1739874264111.jpg,https://drive.google.com/file/d/1iQcL28wOjWm1T7Eu6CKwdsV33sdha7DN/view?usp=drivesdk
1739873769952.jpg,https://drive.google.com/file/d/1k4n3IByqRe0X6JiSCMiRrogt01177t3T/view?usp=drivesdk
1739874600244.jpg,https://drive.google.com/file/d/1sTKhkEVisrlWsfjgdMJLj1915m-AHHLA/view?usp=drivesdk
1739874304688.jpg,https://drive.google.com/file/d/1vwEinG-FPq3qVFbnDlXzy81HzLTQYjMa/view?usp=drivesdk
1739874017604.jpg,https://drive.google.com/file/d/11Aopt_HzI-hgEhRsurnJCVPNxC0Lx0CC/view?usp=drivesdk
1739874139319.jpg,https://drive.google.com/file/d/1E8PhOSiuluMhzvuubaY5pcjxXU1u6eJ1/view?usp=drivesdk
1739873847078.jpg,https://drive.google.com/file/d/1FOH7XE6PvjaHY3UGxow8GiL64mWEx86A/view?usp=drivesdk
1739873370332.jpg,https://drive.google.com/file/d/1K9LehODDKDQlus5cMtnYQsM-cKwpodah/view?usp=drivesdk
1739873617899.jpg,https://drive.google.com/file/d/1lVYnaMnAXEA-KQFGO5WHW2eRXSR751L1/view?usp=drivesdk
1739872206656.jpg,https://drive.google.com/file/d/13xYAMewqJD2XF1lrIdbC5Jsk3DdY90Oa/view?usp=drivesdk
1739873554521.jpg,https://drive.google.com/file/d/1Mo888s7d7_IySjjPr5MaJ4sluE11I5fm/view?usp=drivesdk
1739873485577.jpg,https://drive.google.com/file/d/1NcFFqZmSfb4brU1X5iq90NU2zJVhb7sh/view?usp=drivesdk
1739872045971.jpg,https://drive.google.com/file/d/1gBJFhFtKRk4xcazM3ytqjvKX7GvqYuY5/view?usp=drivesdk
1739873674779.jpg,https://drive.google.com/file/d/1n2KCMSbyT-heleztLwv7HWYYPIQ5TAHU/view?usp=drivesdk
1739872285614.jpg,https://drive.google.com/file/d/1xso5s03oiz0p131JZlahVoxYov1rZRfS/view?usp=drivesdk
1739871399832.jpg,https://drive.google.com/file/d/18R87tcn8z3FmJkF80RZ-Qx7S-O5hkz48/view?usp=drivesdk
1739871660038.jpg,https://drive.google.com/file/d/1L751SP0qTr34IlT40cRparlZaoJIvcuK/view?usp=drivesdk
1739871518347.jpg,https://drive.google.com/file/d/1gOV6DtyrMdlXcWdq3sNJTva5MyOJ77dx/view?usp=drivesdk
1739871313810.jpg,https://drive.google.com/file/d/1glKYxwRic6UaTQtRV8QbCaIZCjR8O3DL/view?usp=drivesdk
1739871935655.jpg,https://drive.google.com/file/d/1l4S0Lhj0i-fmz-u1zjaahmqNtvpjr0By/view?usp=drivesdk
1739871785785.jpg,https://drive.google.com/file/d/1yAUXkz6Etm8t_gR-HIScsqVX1H4m9h6_/view?usp=drivesdk
1739870565824.jpg,https://drive.google.com/file/d/1AvSG5SGKhCtM7FUnfAPQ4QPXysCx6E7M/view?usp=drivesdk
1739871122465.jpg,https://drive.google.com/file/d/1OrIz0xbnaPHlKAtW0uqAyuZXPjC3bUNi/view?usp=drivesdk
1739870987883.jpg,https://drive.google.com/file/d/1WsJQO3JwTDgn8kJ0nNFylKE1kjFu6Lkr/view?usp=drivesdk
1739871218553.jpg,https://drive.google.com/file/d/1jY4FF0T9xm4LWM0Hm_a4gYW0hfVm97JZ/view?usp=drivesdk
1739870836649.jpg,https://drive.google.com/file/d/1rCS8jwWFFyLOpHhRnDUsWsZDaylFBT65/view?usp=drivesdk
1739870701669.jpg,https://drive.google.com/file/d/1yWrCfuN6HS654ZdHhc2-OiqHuCoHM8ar/view?usp=drivesdk
1739878325322.jpg,https://drive.google.com/file/d/12aE-ZGq4Ubwg7So6VAul_APr1E0X0b6m/view?usp=drivesdk
1739878872601.jpg,https://drive.google.com/file/d/1PIqjs6Y5zeU-qxdtlAQSRuMPxpYYnCaW/view?usp=drivesdk
1739878726506.jpg,https://drive.google.com/file/d/1PPZyEU3bApmL7tBsqYecho5em9dqILqs/view?usp=drivesdk
1739877979746.jpg,https://drive.google.com/file/d/1cxt6npmgUtgj9evlK7OYWlcNiW_OoL9Q/view?usp=drivesdk
1739878131972.jpg,https://drive.google.com/file/d/1fjuT4DzRUYLfj2PXj0kxK99drxrXZ9C5/view?usp=drivesdk
1739878551491.jpg,https://drive.google.com/file/d/1hq7gttKft8CnLaqUSshLpiLZyc0NYiwT/view?usp=drivesdk
1739877539382.jpg,https://drive.google.com/file/d/11cCM0x1Q5vfh6tkhhXjoh-vrgOngcRhV/view?usp=drivesdk
1739877157393.jpg,https://drive.google.com/file/d/13LmdXQC8WJ1YlFWYUVgIhjxrskTCINCM/view?usp=drivesdk
1739877370555.jpg,https://drive.google.com/file/d/1bLWkY-4FSE93IezH8lE1RQQ4urBGmA7-/view?usp=drivesdk
1739877667032.jpg,https://drive.google.com/file/d/1dpJBWnTPKFN2uT-DyjLBzPoi5v1lVmSo/view?usp=drivesdk
1739877272324.jpg,https://drive.google.com/file/d/1hevZbcHkrrOS6mfaU3VJkY7uH7eUaazs/view?usp=drivesdk
1739877777781.jpg,https://drive.google.com/file/d/1i54GLMEDgfJFxXzP9iMpez8RiDXrBwNN/view?usp=drivesdk
1739876895687.jpg,https://drive.google.com/file/d/15kpw-6DDHZCw6gWlpN_YB3axtrfIM_Ou/view?usp=drivesdk
1739875590163.jpg,https://drive.google.com/file/d/1Ypaj421sz7dnDEsxjEhA2cEmBAbWx6Ug/view?usp=drivesdk
1739877041588.jpg,https://drive.google.com/file/d/1depZmhzAZ_SLxlFycTHYeroOPAlS1eCg/view?usp=drivesdk
1739874208205.jpg,https://drive.google.com/file/d/1fzlpvaZFpGkK0jZ0jnCLlnY8zgl_wEIt/view?usp=drivesdk
1739876740444.jpg,https://drive.google.com/file/d/1s0gTnx1W3CfObrATDe6IL4SBWJiPIjIe/view?usp=drivesdk
1739875078845.jpg,https://drive.google.com/file/d/1vHvsshXkB6wPXOdTtYNn0UGKX4OhWXtd/view?usp=drivesdk
1739875762978.jpg,https://drive.google.com/file/d/14A0KAgQZOm09jzknpavLSMgS-XeAJZ5Y/view?usp=drivesdk
1739875386897.jpg,https://drive.google.com/file/d/1Nbh1Fb3b7I1L1LRKF0yM4jtzzapBH0Np/view?usp=drivesdk
1739872709405.jpg,https://drive.google.com/file/d/1PYsIPg0DyEIMH1Be6jEQLf2og8TJJul1/view?usp=drivesdk
1739874870829.jpg,https://drive.google.com/file/d/1Urt92_FXyNKem4K0zeT7eIr2qiD_j8Wn/view?usp=drivesdk
1739872576352.jpg,https://drive.google.com/file/d/1cITgSe8b3RPzCBZ6vBDeq_MQzyCD8AYj/view?usp=drivesdk
1739870422940.jpg,https://drive.google.com/file/d/10NE6OggM-3A5PThqG-FOAp6cqijqx1A7/view?usp=drivesdk
1739871626711.jpg,https://drive.google.com/file/d/13lisIypOsAoKcmMZQlP0wA4Gg4DKStmm/view?usp=drivesdk
1739872844625.jpg,https://drive.google.com/file/d/18B1GiYcS1QDBCK--hQDhWYn02bPUyvXd/view?usp=drivesdk
1739871812393.jpg,https://drive.google.com/file/d/1LagD3wKjOSIpRRU41bG8Wr0qa1BKF3FE/view?usp=drivesdk
1739871087123.jpg,https://drive.google.com/file/d/1cDCC1z1dvGHF9SObzt80VhLFWClwKXlo/view?usp=drivesdk
1739871941419.jpg,https://drive.google.com/file/d/1l4biZsUuiawplK6EvxJ1LRnIZGf6LL-K/view?usp=drivesdk
1739869920779.jpg,https://drive.google.com/file/d/130BbLQFLCPVhZWKkpv7t3LqXvRRZbofz/view?usp=drivesdk
1739871341844.jpg,https://drive.google.com/file/d/1PjbbMhi15voQFNHVfgCCkI5c_zzLWwrb/view?usp=drivesdk
1739870319350.jpg,https://drive.google.com/file/d/1ZL69eYj_ZP_8G6q7-GRbjXMuzStF0Y0G/view?usp=drivesdk
1739869771255.jpg,https://drive.google.com/file/d/1pNVlm7Q2wcZW3h2lcvodcP_660mq0ryO/view?usp=drivesdk
1739870718932.jpg,https://drive.google.com/file/d/1u_CCowQH9VUwqexTbEp1dC4J9ZmJm1YY/view?usp=drivesdk
1739869524098.jpg,https://drive.google.com/file/d/142e1vIFanyRkbq9wzdUdMd_ietu_AK-5/view?usp=drivesdk
1739866179443.jpg,https://drive.google.com/file/d/15AYObMcRu0ti2ccCDgGL2QlVI8swn0y4/view?usp=drivesdk
1739867941200.jpg,https://drive.google.com/file/d/1IHzDKWESYOxmEb-STu6MiZwaYM5wosqB/view?usp=drivesdk
1739868685953.jpg,https://drive.google.com/file/d/1edi2A5RDS1gbmLnDlFyoTc0cIm37ixeH/view?usp=drivesdk
1739869130796.jpg,https://drive.google.com/file/d/1gqcuYpIqTWAKu7Ds3o1QsjYl_RF-bpZu/view?usp=drivesdk
1739868870513.jpg,https://drive.google.com/file/d/1r612gahPzGoMoyocW3df-4-QS5UXrYMk/view?usp=drivesdk
1739865959114.jpg,https://drive.google.com/file/d/15A2yTpqpDYra88_Uv9W4E-arP_vCjpic/view?usp=drivesdk
1739868248930.jpg,https://drive.google.com/file/d/1Z6qAtknNMLDx2aul3NvnYh8IebT3eI3g/view?usp=drivesdk
1739865730958.jpg,https://drive.google.com/file/d/1bjCB867gf1WEkhcI8FrC_AftfOufagaM/view?usp=drivesdk
1739865320005.jpg,https://drive.google.com/file/d/1egRnaGs_MV8x7U1Y-xLBKtUHvwPFoNPy/view?usp=drivesdk
1739865091503.jpg,https://drive.google.com/file/d/1zd6xpaFwX-FaIJgaJ97k-1kH6ixhZ56r/view?usp=drivesdk
1739793802596.jpg,https://drive.google.com/file/d/1AlFcucSeL0nY3ghOtibufn_zh_iTuSJg/view?usp=drivesdk
1739793452558.jpg,https://drive.google.com/file/d/1Lh8ipIgbwWFZC_Gl0eWC5VjwdMb4Ouz-/view?usp=drivesdk
1739864659807.jpg,https://drive.google.com/file/d/1dN9I-9Vowz0KLY0-oO_zr6_YCCxNZDwQ/view?usp=drivesdk
1739864480432.jpg,https://drive.google.com/file/d/1jXZxkGbknAW3I5AM9dMdxo0V0q0Jd_w-/view?usp=drivesdk
1739865492752.jpg,https://drive.google.com/file/d/1p6OzRjmsvn7IjzjyI2laHOq-4ceRZBmf/view?usp=drivesdk
1739864812366.jpg,https://drive.google.com/file/d/1y0tQihWsTx4fu8C9MMth93cGMHtsHjVE/view?usp=drivesdk
1739793510336.jpg,https://drive.google.com/file/d/16G2SbXWV1TVOhbtzCRTsF0wXuFGSpwiz/view?usp=drivesdk
1739792890237.jpg,https://drive.google.com/file/d/1AUWqMCasoFBYNWXY_LgudD_1G3tsHiAN/view?usp=drivesdk
1739793268697.jpg,https://drive.google.com/file/d/1DVuTZTu785GrBRWFwugC4tfXOIEEvHtE/view?usp=drivesdk
1739793393299.jpg,https://drive.google.com/file/d/1HPQNMxveny2CxT19T4gkQVLjoRsdbPYZ/view?usp=drivesdk
1739793156980.jpg,https://drive.google.com/file/d/1S4d6FM7UpwOo20mTKNElF7QviZLKHCLy/view?usp=drivesdk
1739792990105.jpg,https://drive.google.com/file/d/1FSHZj1emXFuv7qgd7S-AiJ4KkQ2aEndp/view?usp=drivesdk
1739791824351.jpg,https://drive.google.com/file/d/1TZhxQpXw1q3MVBBx_P0HG0SUd4WPYQ16/view?usp=drivesdk
1739791746265.jpg,https://drive.google.com/file/d/1ZSVV8zevQ3_9M7gkAa6TB99KBSxSElgJ/view?usp=drivesdk
1739787866109.jpg,https://drive.google.com/file/d/1bw_kahCJX-o-fQ4zVZcKe2FjcP9PftKP/view?usp=drivesdk
1739791620207.jpg,https://drive.google.com/file/d/1o6wAj6lGVjqGzuDcDMUt9n44vo214CKo/view?usp=drivesdk
1739791490549.jpg,https://drive.google.com/file/d/1v44GirokCcv1PntKZqqZxBkEmRvvpA5x/view?usp=drivesdk
1739788059422.jpg,https://drive.google.com/file/d/16GG_Dc4k6m7x8cCmeJnBUTqMQucEJDbX/view?usp=drivesdk
1739787044190.jpg,https://drive.google.com/file/d/1aqIueUo7PIlDxvZeibDogSReWDewLwse/view?usp=drivesdk
1739787221439.jpg,https://drive.google.com/file/d/16b5t3xlZ2NTeiQCUB9_-_x0eZrnykusW/view?usp=drivesdk
1739791398032.jpg,https://drive.google.com/file/d/1LjEQObyEIdFyGZyjMm-Gz-L8BJajOxRh/view?usp=drivesdk
1739786917648.jpg,https://drive.google.com/file/d/1jXIuaGXS7EgXwLZykooSQdghWy1Bfiwd/view?usp=drivesdk
1739785276385.jpg,https://drive.google.com/file/d/1BDZRvfjTlHsht_bHiowsobLho0cq9Bls/view?usp=drivesdk
1739785632380.jpg,https://drive.google.com/file/d/1Kg8rPjuHi41GgBQJY7svOqHKyWGBjQJ0/view?usp=drivesdk
1739786259879.jpg,https://drive.google.com/file/d/1NVItGnIs2y9x1cF-ui7YNz3ZmdVP7hgy/view?usp=drivesdk
1739786561536.jpg,https://drive.google.com/file/d/1eIFBmOAh4EA1vIyM5mRKOohrMteYazwL/view?usp=drivesdk
1739786753455.jpg,https://drive.google.com/file/d/1mEyGEhMhVvrA9qAuTCKeWtz_KCdpwFtX/view?usp=drivesdk
1739780666789.jpg,https://drive.google.com/file/d/1QHx9--TUyuLhcNO6c2MPl0QWxe3uUD-T/view?usp=drivesdk
1739789077815.jpg,https://drive.google.com/file/d/1aKe-01qWEznnLLt8j8J3WleQDkVISJ3s/view?usp=drivesdk
1739786029439.jpg,https://drive.google.com/file/d/1gQI0w9D42501I9PgLsbYc55XwMiZ-GWu/view?usp=drivesdk
1739781511672.jpg,https://drive.google.com/file/d/1hpyeJG9xaTIQgT2Fj-lDHNGSg4hZe4ou/view?usp=drivesdk
1739788625184.jpg,https://drive.google.com/file/d/1pALJXQPUjpIjhqIbzAJpMGPJMhpAhUb_/view?usp=drivesdk
1739788215129.jpg,https://drive.google.com/file/d/19dalL760bLnyHXyizmL6-MpFn01jR2Ia/view?usp=drivesdk
1739787569811.jpg,https://drive.google.com/file/d/1Kkn9yeQZJrQztBrfhP011kZnG-nh2z-_/view?usp=drivesdk
1739788898629.jpg,https://drive.google.com/file/d/1SMa1w_85RRuBKEgpU42heWkfIBBxT6m_/view?usp=drivesdk
1739787698800.jpg,https://drive.google.com/file/d/1WS-HIOavfeeBW-uHwm77ugmOPl1LM93h/view?usp=drivesdk
1739788467902.jpg,https://drive.google.com/file/d/1akm9OxTObSuO757W2tBdv0CY463Zq-JT/view?usp=drivesdk
1739786883676.jpg,https://drive.google.com/file/d/156o4-p7llO7CS7rSQK328ate-p96LxbC/view?usp=drivesdk
1739787130175.jpg,https://drive.google.com/file/d/1BXSIckZ3_ztKQtMUuugn5mTaZkyyQtbJ/view?usp=drivesdk
1739786690911.jpg,https://drive.google.com/file/d/1OF2kUREZSY2pykL7TxJ_Zs2UJ4DpclZS/view?usp=drivesdk
1739784604022.jpg,https://drive.google.com/file/d/1blB2L8gD38Lab71XyR0wEyReznVC74E4/view?usp=drivesdk
1739784469018.jpg,https://drive.google.com/file/d/1wXHEFfECLtCEspE02PjzCnA2mfbx7fUV/view?usp=drivesdk
1739782192737.jpg,https://drive.google.com/file/d/1NabAjS0sJrY-9swxa-fLNR-Zvl2eFwis/view?usp=drivesdk
1739782444174.jpg,https://drive.google.com/file/d/1o1qBC8UDC874fNg7o2Ji1ZmCPlAgHkKU/view?usp=drivesdk
1739786047984.jpg,https://drive.google.com/file/d/1wnjuQ1YYr7MgoQQEylLJ2taFNaqVRpvD/view?usp=drivesdk
1739786379357.jpg,https://drive.google.com/file/d/1zB8fm6DU6QDYZtkJmQ0eNdes3kkdXBpk/view?usp=drivesdk
1739783349641.jpg,https://drive.google.com/file/d/1BMhNX3ilV5vJWt5qWPuWuPzVTX3NeNQc/view?usp=drivesdk
1739781995345.jpg,https://drive.google.com/file/d/1NXqvc5ZPJrQOKlsM27uV6SJelGGKwxIt/view?usp=drivesdk
1739779809232.jpg,https://drive.google.com/file/d/1QGEvc6VFOZEeHDD4c4_OhuJMvDNj-JD8/view?usp=drivesdk
1739960322829.jpg,https://drive.google.com/file/d/1RCqspzTg2_zjEHfAeDm317gQ6uVpeTAp/view?usp=drivesdk
1739964502223.jpg,https://drive.google.com/file/d/10frh1J_-gaQC9yDu5SAKE-VIMoJ13H-z/view?usp=drivesdk
1740039401904.jpg,https://drive.google.com/file/d/19AfiOo-9m-HgtJmamqGWgBGvINd1Y0P3/view?usp=drivesdk
1739777673487.jpg,https://drive.google.com/file/d/1COv5E_roWc5thRKz-RwEP4_GI2oL6Rbo/view?usp=drivesdk
1739965137252.jpg,https://drive.google.com/file/d/1M439lQQQE9ZQh_lwXc9w0yiAL2XDyoLm/view?usp=drivesdk
1739964315322.jpg,https://drive.google.com/file/d/1TQ35JzurjDZ9YtvTGbNPbevVrXESTTM0/view?usp=drivesdk
1739958585749.jpg,https://drive.google.com/file/d/1lI4VTYuGQFIzOifW7Fzb8yDAjD4zV4Os/view?usp=drivesdk
1739874442966.jpg,https://drive.google.com/file/d/19KQglRAkjshKrSAiD1Kqo5QLgPEacmk0/view?usp=drivesdk
1739872834629.jpg,https://drive.google.com/file/d/1RfaTlkHGryqLBATzEC8HC4ckwvVOUsZY/view?usp=drivesdk
1739874618573.jpg,https://drive.google.com/file/d/1Ylk9bMHjlYyPOtTOndGexidg3UUSUVVa/view?usp=drivesdk
1739955150858.jpg,https://drive.google.com/file/d/1tg22bOS_LwCdbBfuY-UZBWRLHDx6LNPp/view?usp=drivesdk
1739874015450.jpg,https://drive.google.com/file/d/14AfP1BQFkUCouj4AALSGLmbjuoRY7lxF/view?usp=drivesdk
1739792623353.jpg,https://drive.google.com/file/d/1FpPRurMIOo27KuWz6uht1RSznZRpSNqr/view?usp=drivesdk
1739782423226.jpg,https://drive.google.com/file/d/1Z_QCs1uJ62DVEt9vxN5Nzw3exACoayZW/view?usp=drivesdk
1739951510423.jpg,https://drive.google.com/file/d/1oXSUuoBATa54xFvo5GDzGcw-lQGdHIWX/view?usp=drivesdk
1739873809549.jpg,https://drive.google.com/file/d/18h3NCd_wL8UHUArSise2QydhXdmh6b4s/view?usp=drivesdk
1739872415814.jpg,https://drive.google.com/file/d/1BtWNcxL188F-24TXqK6PyG8FWioPMbbe/view?usp=drivesdk
1740567409794.jpg,https://drive.google.com/file/d/1EZ998z7Msx6v3N0zKWR2tzeDRmXfc9Z4/view?usp=drivesdk
1739867751660.jpg,https://drive.google.com/file/d/1PykYoE6VJvrlxPHZiGY6Yao95XrxahkL/view?usp=drivesdk
1739873431197.jpg,https://drive.google.com/file/d/1SH9WGcNg3zRON0k1bouT7mNNXlsceZF-/view?usp=drivesdk
1739783109616.jpg,https://drive.google.com/file/d/11ZHnhsxie5mV6Dg0ILV_Sk8sqEwVjrU3/view?usp=drivesdk
1739779397910.jpg,https://drive.google.com/file/d/16riXMuU1bvbTZyGHLHVsIC47JNzIME0C/view?usp=drivesdk
1739791153424.jpg,https://drive.google.com/file/d/1b2w4uUrUBipOb4av_rnBC5Q1gdJJLnA4/view?usp=drivesdk
1739779942533.jpg,https://drive.google.com/file/d/1vt4kboRdr3g-jVaIZ-KHMpvIZq4yVuk8/view?usp=drivesdk
1739785838717.jpg,https://drive.google.com/file/d/15PVGCh77sjsKSNuS204UmZrkLzqRZ1qX/view?usp=drivesdk
1739778205490.jpg,https://drive.google.com/file/d/15zN6DrhX-A2QEpYzS3-Ded3nfqzUGNUM/view?usp=drivesdk
1739781490459.jpg,https://drive.google.com/file/d/1EDiVI5_fM5M50jn140G3jXynDeqhwSe3/view?usp=drivesdk
1739783509695.jpg,https://drive.google.com/file/d/1RisA5WaxUJS5Qjvu50zjBssceZYY7pyJ/view?usp=drivesdk
1739780876610.jpg,https://drive.google.com/file/d/1Ru0R30L6LfW2kd7g99zoTIhAtDqAMymc/view?usp=drivesdk
1739782653613.jpg,https://drive.google.com/file/d/1j4VcuFd9ZIbatOVtFl3Hw4IiRcPUnSkq/view?usp=drivesdk
1739779156294.jpg,https://drive.google.com/file/d/1egYkni9g2yQq-aaowoNYV5fO-ILwrdW7/view?usp=drivesdk
